insert into cargo (id_cargo, nome, carga_horaria_obg, id_departamento) values (1,"Presidente","15h", 1);

insert into cargo (id_cargo, nome, carga_horaria_obg, id_departamento) values (2,"Vice-presidente","15h", 2);

insert into cargo (id_cargo, nome, carga_horaria_obg, id_departamento) values (3,"Diretor de Marketing","15h", 3);

insert into cargo (id_cargo, nome, carga_horaria_obg, id_departamento) values (4,"Diretor de Projetos","15h", 4);

insert into cargo (id_cargo, nome, carga_horaria_obg, id_departamento) values (5,"Analista de Gestão de Pessoas","5h", 2);

insert into cargo (id_cargo, nome, carga_horaria_obg, id_departamento) values (6,"Analista Financeiro","5h", 1);

insert into cargo (id_cargo, nome, carga_horaria_obg, id_departamento) values (7,"Analista de Qualidade","5h", 1);

insert into cargo (id_cargo, nome, carga_horaria_obg, id_departamento) values (8,"Gerente de projetos","5h", 4);

insert into cargo (id_cargo, nome, carga_horaria_obg, id_departamento) values (9,"Analista de marketing","5h", 3);

insert into cargo (id_cargo, nome, carga_horaria_obg, id_departamento) values (10,"Analista de projetos","5h", 4);



insert into departamento (id_departamento, nome, descricao) values (1,"Presidencia","Gestão Financeira e da Qualidade");

insert into departamento (id_departamento, nome, descricao) values (2,"Vice-presidencia","Gestão das Relações Humanas");

insert into departamento (id_departamento, nome, descricao) values (3,"Diretoria de Marketing","Promoção e Comunicação");

insert into departamento (id_departamento, nome, descricao) values (4,"Diretoria de Projetos","Negociação e gestão de projetos");



insert into funcionario (id_funcionario, nome_completo, cpf, rg, sexo, data_nascimento, cep, logradouro, numero, complemento, bairro, cidade, uf, matricula, curso, data_admissao, email, id_cargo) values (1,"Bárbara Santana Saab","082.392.976-09","MG-15.234.135","Feminino","1989-11-08","36085-350","Rua Franklin de Paula Marques","712","muro amarelo","Cidade do Sol","Juiz de Fora","MG","170091","BSI","2018-01-01","saababi52@gmail.com",10);

insert into funcionario (id_funcionario, nome_completo, cpf, rg, sexo, data_nascimento, cep, logradouro, numero, complemento, bairro, cidade, uf, matricula, curso, data_admissao, email, id_cargo) values (2,"Maria Eduarda Tavares","088.224.333-08","MG-16.123.345","Feminino","1991-07-03","36078-000","Rua Francisco Bernardino","700","casa","São Mateus","Juiz de Fora","MG","170093","BSI","2018-01-01","duardatavares@gmail.com",9);

insert into funcionario (id_funcionario, nome_completo, cpf, rg, sexo, data_nascimento, cep, logradouro, numero, complemento, bairro, cidade, uf, matricula, curso, data_admissao, email, id_cargo) values (3,"Marcos Wellington","092.765.987-07","MG-17.456.879","Masculino","1997-06-07","3844-890","Rua dos Alfeneiros","712","apartamento","Milho Branco","Juiz de Fora","MG","170097","BSI","2018-01-01","mwellington@gmail.com",8);

insert into funcionario (id_funcionario, nome_completo, cpf, rg, sexo, data_nascimento, cep, logradouro, numero, complemento, bairro, cidade, uf, matricula, curso, data_admissao, email, id_cargo) values (4,"Lucas da Silva","087.455.677.80","MG-18.890.567","Masculino","1995-11-04","3844-999","Rua Guimarães Rosa","600","apartamento","Joquei Clube","Juiz de Fora","MG","170090","BSI","2018-01-01","lsilva@gmail.com",7);

insert into funcionario (id_funcionario, nome_completo, cpf, rg, sexo, data_nascimento, cep, logradouro, numero, complemento, bairro, cidade, uf, matricula, curso, data_admissao, email, id_cargo) values (5,"Larissa Mendes","123.556.789-00","MG-00.000.000","Feminino","1999-06-08","0000-777","Avenida dos Andradas","500","casa","Vila Esperança","Juiz de Fora","MG","170099","BSI","2018-01-01","lmendes@gmail.com",6);

insert into funcionario (id_funcionario, nome_completo, cpf, rg, sexo, data_nascimento, cep, logradouro, numero, complemento, bairro, cidade, uf, matricula, curso, data_admissao, email, id_cargo) values (6,"Marcela Oliveira","000.000.000-00","MG-15.677.899","Feminino","1987-12-11","3800-888","Rua dos Alfeneiros","800","apartamento","Milho Branco","Juiz de Fora","MG","170095","BSI","2018-01-01","moliveira@gmail.com",5);

insert into funcionario (id_funcionario, nome_completo, cpf, rg, sexo, data_nascimento, cep, logradouro, numero, complemento, bairro, cidade, uf, matricula, curso, data_admissao, email, id_cargo) values (7,"Gabriela Nascimento","000.000.000-00","MG-16.666.669","Feminino","1987-05-11","3800-000","Avenida Rio Branco","400","apartamento","Centro","Juiz de Fora","MG","18000","Mecatronica","2018-01-01","gnascimento@gmail.com",4);

insert into funcionario (id_funcionario, nome_completo, cpf, rg, sexo, data_nascimento, cep, logradouro, numero, complemento, bairro, cidade, uf, matricula, curso, data_admissao, email, id_cargo) values (8,"Marcio de Souza","000.000.000-00","MG-00.000.000","Masculino","1987-12-20","3600-777","Rua José Teixeira da Silva","300","casa","Cidade do Sol","Juiz de Fora","MG","18001","Mecatronica","2018-01-01","msouza@gmail.com",3);

insert into funcionario (id_funcionario, nome_completo, cpf, rg, sexo, data_nascimento, cep, logradouro, numero, complemento, bairro, cidade, uf, matricula, curso, data_admissao, email, id_cargo) values (9,"Daniel Zimmerman","000.000.000-00","MG-40.899.766","Masculino","1988-03-11","3855-888","Rua Negrão de Lima","302","apartamento","Barbosa Lage","Juiz de Fora","MG","18004","Mecatronica","2018-01-01","dzimmerman@gmail.com",2);

insert into funcionario (id_funcionario, nome_completo, cpf, rg, sexo, data_nascimento, cep, logradouro, numero, complemento, bairro, cidade, uf, matricula, curso, data_admissao, email, id_cargo) values (10,"Rodrigo Santana","000.000.000-00","MG-13.000.000","Masculino","1999-02-07","3800-888","Rua democrata","508","casa","São Pedro","Juiz de Fora","MG","170050","Mecatronica","2018-01-01","rsantana@gmail.com",1);


insert into usuario (id_usuario, login, senha, id_funcionario) values (1,"170116","1234",1);

insert into usuario (id_usuario, login, senha, id_funcionario) values (2,"170154","RooT",2);

insert into usuario (id_usuario, login, senha, id_funcionario) values (3,"170189","987Seis",3);

insert into usuario (id_usuario, login, senha, id_funcionario) values (4,"170525","Admin",4);



insert into contato (id_contato, telefone, id_funcionario) values (1,"(32) 99199-9742",1);

insert into contato (id_contato, telefone, id_funcionario) values (2,"(32) 98854-0008",2);

insert into contato (id_contato, telefone, id_funcionario) values (3,"(32) 98155-0554",3);

insert into contato (id_contato, telefone, id_funcionario) values (4,"(32) 3218-5598",3);


insert into afastamento (id_afastamento, data_inicio, data_fim, justificativa, id_funcionario, tipo) values (1,"22/10/2018","26/10/2018","atestado médico",1, falta);

insert into afastamento (id_afastamento, data_inicio, data_fim, justificativa, id_funcionario, tipo) values (2,"15/09/2018","17/09/2018","problemas familiares",2, falta);

insert into afastamento (id_afastamento, data_inicio, data_fim, justificativa, id_funcionario, tipo) values (3,"16/03/2018","17/03/2018","ganhou folga",3, folga);

insert into cartao(id_cartao, tipo, cor, motivo, data, id_funcionario) values (1,"falta leve","Azul","assiduidade","05/06/2018",3);

insert into cartao(id_cartao, tipo, cor, motivo, data, id_funcionario) values (2,"falta grave","Amarelo","assiduidade","18/11/2018",2);

insert into cartao(id_cartao, tipo, cor, motivo, data, id_funcionario) values (3,"falta gravissima","Vermelho","tratou mal cliente","19/10/2018",1);



insert into informe (id_informe, data_ocorrido, motivo, id_funcionario) values (1,"06/04/2018","não cumpriu a tarefa",3);

insert into informe (id_informe, data_ocorrido, motivo, id_funcionario) values (2,"06/04/2018","não cumpriu a tarefa",2);


insert into horario (id_horario, dia_semana, hora_inicio, hora_fim, id_funcionario) values (1, "segunda-feira", "08:40", "10:35", 1);

insert into horario (id_horario, dia_semana, hora_inicio, hora_fim, id_funcionario) values (2, "terça-feira", "08:40", "10:35", 2);

insert into horario (id_horario, dia_semana, hora_inicio, hora_fim, id_funcionario) values (3, "quarta-feira", "13:30", "15:10", 3);

insert into horario (id_horario, dia_semana, hora_inicio, hora_fim, id_funcionario) values (4, "segunda", "10:35", "12:15", 4);






















